rob@somemail.com,asdf4322alojvirw23kdfgnir9805d
rob@someothermail.com,asdf2aloj324virw23kdfgnir9805d
rob@yetanothermail.com,asdf2alojvirw23kdfgnir9805d
sam@somemail.com,asdf2alojvirw2wer3kdfgnir9805d
rob.mate@yetanothermail.com,asdf2alojvirw23kdfgnir9805d
rob9@yetanothermail.com,ddasdf2alojvetirw23kdfgnir9805d
rob8@yetanothermail.com,dfgasdf2alorjvirwerw23kdfgnir9805d
rob7@yetanothermail.com,dfgasdf2atwloetjvirw23kdfgnir9805d
rob6@yetanothermail.com,34asdwertf2weralorjvirw23kdfgnir9805d
rob5@yetanothermail.com,dsfgawsdf2alojwertviwterrw23kdfgnir9805d
rob4@yetanothermail.com,retasdf2alojvierrw23kdfgnir9805d
rob3@yetanothermail.com,rearttwesdf2alsdgojvirw23kdfgnir9805d
rob2@yetanothermail.com,weasdf2alojvirw23kdfgnir9805d
rob1@yetanothermail.com,qasdf2alojvirw23kdfgnir9805d
GUEST,asdf2alojvirw23kdfgnir9805d
GUEST,asdf2alojvirw23kdfgnir9805d